"001 -- Adoptions by country of birth, age group and sex of child and type of adoption in 1987 to 2017"

"Year";"Country of birth";"Adoptions total Age groups, total Both sexes Adoptions, number";"Adoptions total Age groups, total Males Adoptions, number";"Adoptions total Age groups, total Females Adoptions, number";"Adoptions total 0 - 17 Both sexes Adoptions, number";"Adoptions total 0 - 17 Males Adoptions, number";"Adoptions total 0 - 17 Females Adoptions, number";"Adoptions total 18 - Both sexes Adoptions, number";"Adoptions total 18 - Males Adoptions, number";"Adoptions total 18 - Females Adoptions, number";"Two-parent adoptions Age groups, total Both sexes Adoptions, number";"Two-parent adoptions Age groups, total Males Adoptions, number";"Two-parent adoptions Age groups, total Females Adoptions, number";"Two-parent adoptions 0 - 17 Both sexes Adoptions, number";"Two-parent adoptions 0 - 17 Males Adoptions, number";"Two-parent adoptions 0 - 17 Females Adoptions, number";"Two-parent adoptions 18 - Both sexes Adoptions, number";"Two-parent adoptions 18 - Males Adoptions, number";"Two-parent adoptions 18 - Females Adoptions, number";"Single-parent adoptions Age groups, total Both sexes Adoptions, number";"Single-parent adoptions Age groups, total Males Adoptions, number";"Single-parent adoptions Age groups, total Females Adoptions, number";"Single-parent adoptions 0 - 17 Both sexes Adoptions, number";"Single-parent adoptions 0 - 17 Males Adoptions, number";"Single-parent adoptions 0 - 17 Females Adoptions, number";"Single-parent adoptions 18 - Both sexes Adoptions, number";"Single-parent adoptions 18 - Males Adoptions, number";"Single-parent adoptions 18 - Females Adoptions, number"
"2017";"COUNTRY OF BIRTH, TOTAL";396;207;189;304;164;140;92;43;49;115;72;43;93;58;35;22;14;8;281;135;146;211;106;105;70;29;41
"2017";"Finland";292;142;150;205;101;104;87;41;46;42;24;18;22;12;10;20;12;8;250;118;132;183;89;94;67;29;38
"2017";"FOREIGN COUNTRY, TOTAL";104;65;39;99;63;36;5;2;3;73;48;25;71;46;25;2;2;0;31;17;14;28;17;11;3;0;3
"2017";"EUROPE";10;5;5;8;5;3;2;0;2;1;0;1;1;0;1;0;0;0;9;5;4;7;5;2;2;0;2
"2017";"OTHER EU(28) COUNTRIES";5;4;1;5;4;1;0;0;0;1;0;1;1;0;1;0;0;0;4;4;0;4;4;0;0;0;0
"2017";"Netherlands";0;0;0;0;0;0;0;0;0;0;0;0;0;0;0;0;0;0;0;0;0;0;0;0;0;0;0
"2017";"Belgium";0;0;0;0;0;0;0;0;0;0;0;0;0;0;0;0;0;0;0;0;0;0;0;0;0;0;0
"2017";"United Kingdom";1;0;1;1;0;1;0;0;0;1;0;1;1;0;1;0;0;0;0;0;0;0;0;0;0;0;0
"2017";"Bulgaria";0;0;0;0;0;0;0;0;0;0;0;0;0;0;0;0;0;0;0;0;0;0;0;0;0;0;0
"2017";"Spain";0;0;0;0;0;0;0;0;0;0;0;0;0;0;0;0;0;0;0;0;0;0;0;0;0;0;0
"2017";"Ireland";0;0;0;0;0;0;0;0;0;0;0;0;0;0;0;0;0;0;0;0;0;0;0;0;0;0;0
"2017";"Italy";0;0;0;0;0;0;0;0;0;0;0;0;0;0;0;0;0;0;0;0;0;0;0;0;0;0;0
"2017";"Austria";0;0;0;0;0;0;0;0;0;0;0;0;0;0;0;0;0;0;0;0;0;0;0;0;0;0;0
"2017";"Greece";0;0;0;0;0;0;0;0;0;0;0;0;0;0;0;0;0;0;0;0;0;0;0;0;0;0;0
"2017";"Croatia";0;0;0;0;0;0;0;0;0;0;0;0;0;0;0;0;0;0;0;0;0;0;0;0;0;0;0
"2017";"Cyprus";0;0;0;0;0;0;0;0;0;0;0;0;0;0;0;0;0;0;0;0;0;0;0;0;0;0;0
"2017";"Latvia";0;0;0;0;0;0;0;0;0;0;0;0;0;0;0;0;0;0;0;0;0;0;0;0;0;0;0
"2017";"Lithuania";0;0;0;0;0;0;0;0;0;0;0;0;0;0;0;0;0;0;0;0;0;0;0;0;0;0;0
"2017";"Luxembourg";0;0;0;0;0;0;0;0;0;0;0;0;0;0;0;0;0;0;0;0;0;0;0;0;0;0;0
"2017";"Malta";0;0;0;0;0;0;0;0;0;0;0;0;0;0;0;0;0;0;0;0;0;0;0;0;0;0;0
"2017";"Portugal";0;0;0;0;0;0;0;0;0;0;0;0;0;0;0;0;0;0;0;0;0;0;0;0;0;0;0
"2017";"Poland";1;1;0;1;1;0;0;0;0;0;0;0;0;0;0;0;0;0;1;1;0;1;1;0;0;0;0
"2017";"France";1;1;0;1;1;0;0;0;0;0;0;0;0;0;0;0;0;0;1;1;0;1;1;0;0;0;0
"2017";"Romania";0;0;0;0;0;0;0;0;0;0;0;0;0;0;0;0;0;0;0;0;0;0;0;0;0;0;0
"2017";"Sweden";0;0;0;0;0;0;0;0;0;0;0;0;0;0;0;0;0;0;0;0;0;0;0;0;0;0;0
"2017";"Germany";0;0;0;0;0;0;0;0;0;0;0;0;0;0;0;0;0;0;0;0;0;0;0;0;0;0;0
"2017";"Slovakia";0;0;0;0;0;0;0;0;0;0;0;0;0;0;0;0;0;0;0;0;0;0;0;0;0;0;0
"2017";"Slovenia";0;0;0;0;0;0;0;0;0;0;0;0;0;0;0;0;0;0;0;0;0;0;0;0;0;0;0
"2017";"Denmark";0;0;0;0;0;0;0;0;0;0;0;0;0;0;0;0;0;0;0;0;0;0;0;0;0;0;0
"2017";"Former Czechoslovakia";0;0;0;0;0;0;0;0;0;0;0;0;0;0;0;0;0;0;0;0;0;0;0;0;0;0;0
"2017";"Czech Republic";0;0;0;0;0;0;0;0;0;0;0;0;0;0;0;0;0;0;0;0;0;0;0;0;0;0;0
"2017";"Hungary";0;0;0;0;0;0;0;0;0;0;0;0;0;0;0;0;0;0;0;0;0;0;0;0;0;0;0
"2017";"Estonia";2;2;0;2;2;0;0;0;0;0;0;0;0;0;0;0;0;0;2;2;0;2;2;0;0;0;0
"2017";"REST OF EUROPE";5;1;4;3;1;2;2;0;2;0;0;0;0;0;0;0;0;0;5;1;4;3;1;2;2;0;2
"2017";"Albania";0;0;0;0;0;0;0;0;0;0;0;0;0;0;0;0;0;0;0;0;0;0;0;0;0;0;0
"2017";"Andorra";0;0;0;0;0;0;0;0;0;0;0;0;0;0;0;0;0;0;0;0;0;0;0;0;0;0;0
"2017";"Bosnia and Herzegovina";0;0;0;0;0;0;0;0;0;0;0;0;0;0;0;0;0;0;0;0;0;0;0;0;0;0;0
"2017";"Former Yugoslavia";0;0;0;0;0;0;0;0;0;0;0;0;0;0;0;0;0;0;0;0;0;0;0;0;0;0;0
"2017";"Former Soviet Union";1;0;1;0;0;0;1;0;1;0;0;0;0;0;0;0;0;0;1;0;1;0;0;0;1;0;1
"2017";"Former Serbia and Montenegro";0;0;0;0;0;0;0;0;0;0;0;0;0;0;0;0;0;0;0;0;0;0;0;0;0;0;0
"2017";"Iceland";0;0;0;0;0;0;0;0;0;0;0;0;0;0;0;0;0;0;0;0;0;0;0;0;0;0;0
"2017";"Jersey";0;0;0;0;0;0;0;0;0;0;0;0;0;0;0;0;0;0;0;0;0;0;0;0;0;0;0
"2017";"Liechtenstein";0;0;0;0;0;0;0;0;0;0;0;0;0;0;0;0;0;0;0;0;0;0;0;0;0;0;0
"2017";"Macedonia, The former Yugoslav Republic of";0;0;0;0;0;0;0;0;0;0;0;0;0;0;0;0;0;0;0;0;0;0;0;0;0;0;0
"2017";"Isle of Man";0;0;0;0;0;0;0;0;0;0;0;0;0;0;0;0;0;0;0;0;0;0;0;0;0;0;0
"2017";"Moldova, Republic of";0;0;0;0;0;0;0;0;0;0;0;0;0;0;0;0;0;0;0;0;0;0;0;0;0;0;0
"2017";"Monaco";0;0;0;0;0;0;0;0;0;0;0;0;0;0;0;0;0;0;0;0;0;0;0;0;0;0;0
"2017";"Montenegro";0;0;0;0;0;0;0;0;0;0;0;0;0;0;0;0;0;0;0;0;0;0;0;0;0;0;0
"2017";"Norway";0;0;0;0;0;0;0;0;0;0;0;0;0;0;0;0;0;0;0;0;0;0;0;0;0;0;0
"2017";"San Marino";0;0;0;0;0;0;0;0;0;0;0;0;0;0;0;0;0;0;0;0;0;0;0;0;0;0;0
"2017";"Serbia";0;0;0;0;0;0;0;0;0;0;0;0;0;0;0;0;0;0;0;0;0;0;0;0;0;0;0
"2017";"Switzerland";0;0;0;0;0;0;0;0;0;0;0;0;0;0;0;0;0;0;0;0;0;0;0;0;0;0;0
"2017";"Turkey";0;0;0;0;0;0;0;0;0;0;0;0;0;0;0;0;0;0;0;0;0;0;0;0;0;0;0
"2017";"Ukraine";0;0;0;0;0;0;0;0;0;0;0;0;0;0;0;0;0;0;0;0;0;0;0;0;0;0;0
"2017";"Belarus";0;0;0;0;0;0;0;0;0;0;0;0;0;0;0;0;0;0;0;0;0;0;0;0;0;0;0
"2017";"Holy See (Vatican City State)";0;0;0;0;0;0;0;0;0;0;0;0;0;0;0;0;0;0;0;0;0;0;0;0;0;0;0
"2017";"Russian Federation";4;1;3;3;1;2;1;0;1;0;0;0;0;0;0;0;0;0;4;1;3;3;1;2;1;0;1
"2017";"AFRICA";30;21;9;29;20;9;1;1;0;21;15;6;20;14;6;1;1;0;9;6;3;9;6;3;0;0;0
"2017";"Algeria";0;0;0;0;0;0;0;0;0;0;0;0;0;0;0;0;0;0;0;0;0;0;0;0;0;0;0
"2017";"Angola";0;0;0;0;0;0;0;0;0;0;0;0;0;0;0;0;0;0;0;0;0;0;0;0;0;0;0
"2017";"Benin";0;0;0;0;0;0;0;0;0;0;0;0;0;0;0;0;0;0;0;0;0;0;0;0;0;0;0
"2017";"Botswana";0;0;0;0;0;0;0;0;0;0;0;0;0;0;0;0;0;0;0;0;0;0;0;0;0;0;0
"2017";"Burkina Faso";0;0;0;0;0;0;0;0;0;0;0;0;0;0;0;0;0;0;0;0;0;0;0;0;0;0;0
"2017";"Burundi";0;0;0;0;0;0;0;0;0;0;0;0;0;0;0;0;0;0;0;0;0;0;0;0;0;0;0
"2017";"Djibouti";0;0;0;0;0;0;0;0;0;0;0;0;0;0;0;0;0;0;0;0;0;0;0;0;0;0;0
"2017";"Egypt";0;0;0;0;0;0;0;0;0;0;0;0;0;0;0;0;0;0;0;0;0;0;0;0;0;0;0
"2017";"Eritrea";0;0;0;0;0;0;0;0;0;0;0;0;0;0;0;0;0;0;0;0;0;0;0;0;0;0;0
"2017";"South Africa";21;14;7;21;14;7;0;0;0;19;13;6;19;13;6;0;0;0;2;1;1;2;1;1;0;0;0
"2017";"South Sudan";0;0;0;0;0;0;0;0;0;0;0;0;0;0;0;0;0;0;0;0;0;0;0;0;0;0;0
"2017";"Ethiopia";1;1;0;1;1;0;0;0;0;0;0;0;0;0;0;0;0;0;1;1;0;1;1;0;0;0;0
"2017";"Gabon";0;0;0;0;0;0;0;0;0;0;0;0;0;0;0;0;0;0;0;0;0;0;0;0;0;0;0
"2017";"Gambia";0;0;0;0;0;0;0;0;0;0;0;0;0;0;0;0;0;0;0;0;0;0;0;0;0;0;0
"2017";"Ghana";0;0;0;0;0;0;0;0;0;0;0;0;0;0;0;0;0;0;0;0;0;0;0;0;0;0;0
"2017";"Guinea";0;0;0;0;0;0;0;0;0;0;0;0;0;0;0;0;0;0;0;0;0;0;0;0;0;0;0
"2017";"Guinea-Bissau";0;0;0;0;0;0;0;0;0;0;0;0;0;0;0;0;0;0;0;0;0;0;0;0;0;0;0
"2017";"Cameroon";1;1;0;1;1;0;0;0;0;1;1;0;1;1;0;0;0;0;0;0;0;0;0;0;0;0;0
"2017";"Cape Verde";0;0;0;0;0;0;0;0;0;0;0;0;0;0;0;0;0;0;0;0;0;0;0;0;0;0;0
"2017";"Kenya";1;1;0;1;1;0;0;0;0;0;0;0;0;0;0;0;0;0;1;1;0;1;1;0;0;0;0
"2017";"Central African Republic";0;0;0;0;0;0;0;0;0;0;0;0;0;0;0;0;0;0;0;0;0;0;0;0;0;0;0
"2017";"Comoros";0;0;0;0;0;0;0;0;0;0;0;0;0;0;0;0;0;0;0;0;0;0;0;0;0;0;0
"2017";"Congo";0;0;0;0;0;0;0;0;0;0;0;0;0;0;0;0;0;0;0;0;0;0;0;0;0;0;0
"2017";"Congo, The Democratic Republic of the";3;1;2;3;1;2;0;0;0;0;0;0;0;0;0;0;0;0;3;1;2;3;1;2;0;0;0
"2017";"Liberia";0;0;0;0;0;0;0;0;0;0;0;0;0;0;0;0;0;0;0;0;0;0;0;0;0;0;0
"2017";"Libya";0;0;0;0;0;0;0;0;0;0;0;0;0;0;0;0;0;0;0;0;0;0;0;0;0;0;0
"2017";"Madagascar";0;0;0;0;0;0;0;0;0;0;0;0;0;0;0;0;0;0;0;0;0;0;0;0;0;0;0
"2017";"Malawi";0;0;0;0;0;0;0;0;0;0;0;0;0;0;0;0;0;0;0;0;0;0;0;0;0;0;0
"2017";"Mali";0;0;0;0;0;0;0;0;0;0;0;0;0;0;0;0;0;0;0;0;0;0;0;0;0;0;0
"2017";"Morocco";1;1;0;0;0;0;1;1;0;1;1;0;0;0;0;1;1;0;0;0;0;0;0;0;0;0;0
"2017";"Mauritania";0;0;0;0;0;0;0;0;0;0;0;0;0;0;0;0;0;0;0;0;0;0;0;0;0;0;0
"2017";"Mauritius";0;0;0;0;0;0;0;0;0;0;0;0;0;0;0;0;0;0;0;0;0;0;0;0;0;0;0
"2017";"Mozambique";0;0;0;0;0;0;0;0;0;0;0;0;0;0;0;0;0;0;0;0;0;0;0;0;0;0;0
"2017";"Namibia";0;0;0;0;0;0;0;0;0;0;0;0;0;0;0;0;0;0;0;0;0;0;0;0;0;0;0
"2017";"Niger";0;0;0;0;0;0;0;0;0;0;0;0;0;0;0;0;0;0;0;0;0;0;0;0;0;0;0
"2017";"Nigeria";0;0;0;0;0;0;0;0;0;0;0;0;0;0;0;0;0;0;0;0;0;0;0;0;0;0;0
"2017";"Côte d’Ivoire";0;0;0;0;0;0;0;0;0;0;0;0;0;0;0;0;0;0;0;0;0;0;0;0;0;0;0
"2017";"Equatorial Guinea";0;0;0;0;0;0;0;0;0;0;0;0;0;0;0;0;0;0;0;0;0;0;0;0;0;0;0
"2017";"Rwanda";0;0;0;0;0;0;0;0;0;0;0;0;0;0;0;0;0;0;0;0;0;0;0;0;0;0;0
"2017";"Zambia";2;2;0;2;2;0;0;0;0;0;0;0;0;0;0;0;0;0;2;2;0;2;2;0;0;0;0
"2017";"Senegal";0;0;0;0;0;0;0;0;0;0;0;0;0;0;0;0;0;0;0;0;0;0;0;0;0;0;0
"2017";"Seychelles";0;0;0;0;0;0;0;0;0;0;0;0;0;0;0;0;0;0;0;0;0;0;0;0;0;0;0
"2017";"Sierra Leone";0;0;0;0;0;0;0;0;0;0;0;0;0;0;0;0;0;0;0;0;0;0;0;0;0;0;0
"2017";"Somalia";0;0;0;0;0;0;0;0;0;0;0;0;0;0;0;0;0;0;0;0;0;0;0;0;0;0;0
"2017";"Sudan";0;0;0;0;0;0;0;0;0;0;0;0;0;0;0;0;0;0;0;0;0;0;0;0;0;0;0
"2017";"Swaziland";0;0;0;0;0;0;0;0;0;0;0;0;0;0;0;0;0;0;0;0;0;0;0;0;0;0;0
"2017";"Tanzania, United Republic of";0;0;0;0;0;0;0;0;0;0;0;0;0;0;0;0;0;0;0;0;0;0;0;0;0;0;0
"2017";"Togo";0;0;0;0;0;0;0;0;0;0;0;0;0;0;0;0;0;0;0;0;0;0;0;0;0;0;0
"2017";"Chad";0;0;0;0;0;0;0;0;0;0;0;0;0;0;0;0;0;0;0;0;0;0;0;0;0;0;0
"2017";"Tunisia";0;0;0;0;0;0;0;0;0;0;0;0;0;0;0;0;0;0;0;0;0;0;0;0;0;0;0
"2017";"Uganda";0;0;0;0;0;0;0;0;0;0;0;0;0;0;0;0;0;0;0;0;0;0;0;0;0;0;0
"2017";"Zimbabwe";0;0;0;0;0;0;0;0;0;0;0;0;0;0;0;0;0;0;0;0;0;0;0;0;0;0;0
"2017";"AMERICA";11;7;4;11;7;4;0;0;0;9;6;3;9;6;3;0;0;0;2;1;1;2;1;1;0;0;0
"2017";"Antigua and Barbuda";0;0;0;0;0;0;0;0;0;0;0;0;0;0;0;0;0;0;0;0;0;0;0;0;0;0;0
"2017";"Argentina";0;0;0;0;0;0;0;0;0;0;0;0;0;0;0;0;0;0;0;0;0;0;0;0;0;0;0
"2017";"Bahamas";0;0;0;0;0;0;0;0;0;0;0;0;0;0;0;0;0;0;0;0;0;0;0;0;0;0;0
"2017";"Barbados";0;0;0;0;0;0;0;0;0;0;0;0;0;0;0;0;0;0;0;0;0;0;0;0;0;0;0
"2017";"Belize";0;0;0;0;0;0;0;0;0;0;0;0;0;0;0;0;0;0;0;0;0;0;0;0;0;0;0
"2017";"Bolivia";0;0;0;0;0;0;0;0;0;0;0;0;0;0;0;0;0;0;0;0;0;0;0;0;0;0;0
"2017";"Brazil";0;0;0;0;0;0;0;0;0;0;0;0;0;0;0;0;0;0;0;0;0;0;0;0;0;0;0
"2017";"Chile";0;0;0;0;0;0;0;0;0;0;0;0;0;0;0;0;0;0;0;0;0;0;0;0;0;0;0
"2017";"Costa Rica";0;0;0;0;0;0;0;0;0;0;0;0;0;0;0;0;0;0;0;0;0;0;0;0;0;0;0
"2017";"Dominica";0;0;0;0;0;0;0;0;0;0;0;0;0;0;0;0;0;0;0;0;0;0;0;0;0;0;0
"2017";"Dominican Republic";0;0;0;0;0;0;0;0;0;0;0;0;0;0;0;0;0;0;0;0;0;0;0;0;0;0;0
"2017";"Ecuador";0;0;0;0;0;0;0;0;0;0;0;0;0;0;0;0;0;0;0;0;0;0;0;0;0;0;0
"2017";"El Salvador";0;0;0;0;0;0;0;0;0;0;0;0;0;0;0;0;0;0;0;0;0;0;0;0;0;0;0
"2017";"Grenada";0;0;0;0;0;0;0;0;0;0;0;0;0;0;0;0;0;0;0;0;0;0;0;0;0;0;0
"2017";"Guatemala";0;0;0;0;0;0;0;0;0;0;0;0;0;0;0;0;0;0;0;0;0;0;0;0;0;0;0
"2017";"Guyana";0;0;0;0;0;0;0;0;0;0;0;0;0;0;0;0;0;0;0;0;0;0;0;0;0;0;0
"2017";"Haiti";0;0;0;0;0;0;0;0;0;0;0;0;0;0;0;0;0;0;0;0;0;0;0;0;0;0;0
"2017";"Honduras";0;0;0;0;0;0;0;0;0;0;0;0;0;0;0;0;0;0;0;0;0;0;0;0;0;0;0
"2017";"Jamaica";0;0;0;0;0;0;0;0;0;0;0;0;0;0;0;0;0;0;0;0;0;0;0;0;0;0;0
"2017";"Canada";0;0;0;0;0;0;0;0;0;0;0;0;0;0;0;0;0;0;0;0;0;0;0;0;0;0;0
"2017";"Colombia";8;5;3;8;5;3;0;0;0;8;5;3;8;5;3;0;0;0;0;0;0;0;0;0;0;0;0
"2017";"Cuba";0;0;0;0;0;0;0;0;0;0;0;0;0;0;0;0;0;0;0;0;0;0;0;0;0;0;0
"2017";"Mexico";0;0;0;0;0;0;0;0;0;0;0;0;0;0;0;0;0;0;0;0;0;0;0;0;0;0;0
"2017";"Nicaragua";0;0;0;0;0;0;0;0;0;0;0;0;0;0;0;0;0;0;0;0;0;0;0;0;0;0;0
"2017";"Panama";0;0;0;0;0;0;0;0;0;0;0;0;0;0;0;0;0;0;0;0;0;0;0;0;0;0;0
"2017";"Paraguay";0;0;0;0;0;0;0;0;0;0;0;0;0;0;0;0;0;0;0;0;0;0;0;0;0;0;0
"2017";"Peru";0;0;0;0;0;0;0;0;0;0;0;0;0;0;0;0;0;0;0;0;0;0;0;0;0;0;0
"2017";"Saint Kitts and Nevis";0;0;0;0;0;0;0;0;0;0;0;0;0;0;0;0;0;0;0;0;0;0;0;0;0;0;0
"2017";"Saint Lucia";0;0;0;0;0;0;0;0;0;0;0;0;0;0;0;0;0;0;0;0;0;0;0;0;0;0;0
"2017";"Saint Vincent and the Grenadines";0;0;0;0;0;0;0;0;0;0;0;0;0;0;0;0;0;0;0;0;0;0;0;0;0;0;0
"2017";"Suriname";0;0;0;0;0;0;0;0;0;0;0;0;0;0;0;0;0;0;0;0;0;0;0;0;0;0;0
"2017";"Trinidad and Tobago";1;0;1;1;0;1;0;0;0;0;0;0;0;0;0;0;0;0;1;0;1;1;0;1;0;0;0
"2017";"Uruguay";0;0;0;0;0;0;0;0;0;0;0;0;0;0;0;0;0;0;0;0;0;0;0;0;0;0;0
"2017";"Venezuela";0;0;0;0;0;0;0;0;0;0;0;0;0;0;0;0;0;0;0;0;0;0;0;0;0;0;0
"2017";"United States";2;2;0;2;2;0;0;0;0;1;1;0;1;1;0;0;0;0;1;1;0;1;1;0;0;0;0
"2017";"ASIA";52;31;21;50;30;20;2;1;1;42;27;15;41;26;15;1;1;0;10;4;6;9;4;5;1;0;1
"2017";"Afghanistan";1;1;0;0;0;0;1;1;0;1;1;0;0;0;0;1;1;0;0;0;0;0;0;0;0;0;0
"2017";"United Arab Emirates";0;0;0;0;0;0;0;0;0;0;0;0;0;0;0;0;0;0;0;0;0;0;0;0;0;0;0
"2017";"Armenia";0;0;0;0;0;0;0;0;0;0;0;0;0;0;0;0;0;0;0;0;0;0;0;0;0;0;0
"2017";"Azerbaijan";0;0;0;0;0;0;0;0;0;0;0;0;0;0;0;0;0;0;0;0;0;0;0;0;0;0;0
"2017";"Bahrain";0;0;0;0;0;0;0;0;0;0;0;0;0;0;0;0;0;0;0;0;0;0;0;0;0;0;0
"2017";"Bangladesh";1;0;1;1;0;1;0;0;0;1;0;1;1;0;1;0;0;0;0;0;0;0;0;0;0;0;0
"2017";"Bhutan";0;0;0;0;0;0;0;0;0;0;0;0;0;0;0;0;0;0;0;0;0;0;0;0;0;0;0
"2017";"Brunei Darussalam";0;0;0;0;0;0;0;0;0;0;0;0;0;0;0;0;0;0;0;0;0;0;0;0;0;0;0
"2017";"Philippines";12;7;5;12;7;5;0;0;0;10;7;3;10;7;3;0;0;0;2;0;2;2;0;2;0;0;0
"2017";"Georgia";0;0;0;0;0;0;0;0;0;0;0;0;0;0;0;0;0;0;0;0;0;0;0;0;0;0;0
"2017";"Indonesia";0;0;0;0;0;0;0;0;0;0;0;0;0;0;0;0;0;0;0;0;0;0;0;0;0;0;0
"2017";"India";5;2;3;5;2;3;0;0;0;4;1;3;4;1;3;0;0;0;1;1;0;1;1;0;0;0;0
"2017";"Iraq";0;0;0;0;0;0;0;0;0;0;0;0;0;0;0;0;0;0;0;0;0;0;0;0;0;0;0
"2017";"Iran, Islamic Republic of";0;0;0;0;0;0;0;0;0;0;0;0;0;0;0;0;0;0;0;0;0;0;0;0;0;0;0
"2017";"Israel";0;0;0;0;0;0;0;0;0;0;0;0;0;0;0;0;0;0;0;0;0;0;0;0;0;0;0
"2017";"Timor-Leste";0;0;0;0;0;0;0;0;0;0;0;0;0;0;0;0;0;0;0;0;0;0;0;0;0;0;0
"2017";"Japan";0;0;0;0;0;0;0;0;0;0;0;0;0;0;0;0;0;0;0;0;0;0;0;0;0;0;0
"2017";"Yemen";0;0;0;0;0;0;0;0;0;0;0;0;0;0;0;0;0;0;0;0;0;0;0;0;0;0;0
"2017";"Jordan";0;0;0;0;0;0;0;0;0;0;0;0;0;0;0;0;0;0;0;0;0;0;0;0;0;0;0
"2017";"Cambodia";0;0;0;0;0;0;0;0;0;0;0;0;0;0;0;0;0;0;0;0;0;0;0;0;0;0;0
"2017";"Kazakstan";0;0;0;0;0;0;0;0;0;0;0;0;0;0;0;0;0;0;0;0;0;0;0;0;0;0;0
"2017";"China";14;9;5;14;9;5;0;0;0;13;8;5;13;8;5;0;0;0;1;1;0;1;1;0;0;0;0
"2017";"Kyrgyzstan";1;1;0;1;1;0;0;0;0;1;1;0;1;1;0;0;0;0;0;0;0;0;0;0;0;0;0
"2017";"Korea, Democratic People’s Republic of (North Korea)";0;0;0;0;0;0;0;0;0;0;0;0;0;0;0;0;0;0;0;0;0;0;0;0;0;0;0
"2017";"Korea, Republic of (South Korea)";0;0;0;0;0;0;0;0;0;0;0;0;0;0;0;0;0;0;0;0;0;0;0;0;0;0;0
"2017";"Kuwait";0;0;0;0;0;0;0;0;0;0;0;0;0;0;0;0;0;0;0;0;0;0;0;0;0;0;0
"2017";"Lao People’s Democratic Republic";0;0;0;0;0;0;0;0;0;0;0;0;0;0;0;0;0;0;0;0;0;0;0;0;0;0;0
"2017";"Lebanon";0;0;0;0;0;0;0;0;0;0;0;0;0;0;0;0;0;0;0;0;0;0;0;0;0;0;0
"2017";"Maldives";0;0;0;0;0;0;0;0;0;0;0;0;0;0;0;0;0;0;0;0;0;0;0;0;0;0;0
"2017";"Malaysia";0;0;0;0;0;0;0;0;0;0;0;0;0;0;0;0;0;0;0;0;0;0;0;0;0;0;0
"2017";"Mongolia";0;0;0;0;0;0;0;0;0;0;0;0;0;0;0;0;0;0;0;0;0;0;0;0;0;0;0
"2017";"Myanmar";0;0;0;0;0;0;0;0;0;0;0;0;0;0;0;0;0;0;0;0;0;0;0;0;0;0;0
"2017";"Nepal";0;0;0;0;0;0;0;0;0;0;0;0;0;0;0;0;0;0;0;0;0;0;0;0;0;0;0
"2017";"Oman";0;0;0;0;0;0;0;0;0;0;0;0;0;0;0;0;0;0;0;0;0;0;0;0;0;0;0
"2017";"Pakistan";0;0;0;0;0;0;0;0;0;0;0;0;0;0;0;0;0;0;0;0;0;0;0;0;0;0;0
"2017";"Palestine";0;0;0;0;0;0;0;0;0;0;0;0;0;0;0;0;0;0;0;0;0;0;0;0;0;0;0
"2017";"Qatar";0;0;0;0;0;0;0;0;0;0;0;0;0;0;0;0;0;0;0;0;0;0;0;0;0;0;0
"2017";"Saudi Arabia";0;0;0;0;0;0;0;0;0;0;0;0;0;0;0;0;0;0;0;0;0;0;0;0;0;0;0
"2017";"Singapore";0;0;0;0;0;0;0;0;0;0;0;0;0;0;0;0;0;0;0;0;0;0;0;0;0;0;0
"2017";"Sri Lanka";0;0;0;0;0;0;0;0;0;0;0;0;0;0;0;0;0;0;0;0;0;0;0;0;0;0;0
"2017";"Syrian Arab Republic";0;0;0;0;0;0;0;0;0;0;0;0;0;0;0;0;0;0;0;0;0;0;0;0;0;0;0
"2017";"Tajikistan";0;0;0;0;0;0;0;0;0;0;0;0;0;0;0;0;0;0;0;0;0;0;0;0;0;0;0
"2017";"Thailand";18;11;7;17;11;6;1;0;1;12;9;3;12;9;3;0;0;0;6;2;4;5;2;3;1;0;1
"2017";"Turkmenistan";0;0;0;0;0;0;0;0;0;0;0;0;0;0;0;0;0;0;0;0;0;0;0;0;0;0;0
"2017";"Uzbekistan";0;0;0;0;0;0;0;0;0;0;0;0;0;0;0;0;0;0;0;0;0;0;0;0;0;0;0
"2017";"Viet Nam";0;0;0;0;0;0;0;0;0;0;0;0;0;0;0;0;0;0;0;0;0;0;0;0;0;0;0
"2017";"OCEANIA";0;0;0;0;0;0;0;0;0;0;0;0;0;0;0;0;0;0;0;0;0;0;0;0;0;0;0
"2017";"Australia";0;0;0;0;0;0;0;0;0;0;0;0;0;0;0;0;0;0;0;0;0;0;0;0;0;0;0
"2017";"Fiji";0;0;0;0;0;0;0;0;0;0;0;0;0;0;0;0;0;0;0;0;0;0;0;0;0;0;0
"2017";"Palau";0;0;0;0;0;0;0;0;0;0;0;0;0;0;0;0;0;0;0;0;0;0;0;0;0;0;0
"2017";"Papua New Guinea";0;0;0;0;0;0;0;0;0;0;0;0;0;0;0;0;0;0;0;0;0;0;0;0;0;0;0
"2017";"Solomon Islands";0;0;0;0;0;0;0;0;0;0;0;0;0;0;0;0;0;0;0;0;0;0;0;0;0;0;0
"2017";"Samoa";0;0;0;0;0;0;0;0;0;0;0;0;0;0;0;0;0;0;0;0;0;0;0;0;0;0;0
"2017";"Tonga";0;0;0;0;0;0;0;0;0;0;0;0;0;0;0;0;0;0;0;0;0;0;0;0;0;0;0
"2017";"Tuvalu";0;0;0;0;0;0;0;0;0;0;0;0;0;0;0;0;0;0;0;0;0;0;0;0;0;0;0
"2017";"New Zealand";0;0;0;0;0;0;0;0;0;0;0;0;0;0;0;0;0;0;0;0;0;0;0;0;0;0;0
"2017";"Vanuatu";0;0;0;0;0;0;0;0;0;0;0;0;0;0;0;0;0;0;0;0;0;0;0;0;0;0;0
"2017";"UNKNOWN";1;1;0;1;1;0;0;0;0;0;0;0;0;0;0;0;0;0;1;1;0;1;1;0;0;0;0
